日期,开盘,收盘,最高,最低,成交量,成交额,振幅,涨跌幅,涨跌额,换手率
2020-01-02,31.15,30.60,31.26,30.51,28296,88636063.00,2.40,-1.92,-0.60,3.12
2020-01-06,30.38,32.01,32.15,30.12,27731,88393961.00,6.68,5.33,1.62,3.06
2020-01-08,33.91,34.33,35.27,33.86,27679,97251193.00,4.00,-2.67,-0.94,3.05
2020-01-10,35.02,35.03,35.40,34.72,12984,46349125.00,1.94,0.09,0.03,1.43
2020-01-14,35.20,34.64,35.59,34.12,13775,48678623.00,4.15,-2.17,-0.77,1.52
2020-01-16,34.38,34.18,35.01,33.85,9391,32868724.00,3.38,-0.38,-0.13,1.04
2020-01-20,33.71,33.69,34.29,33.58,8978,30842497.00,2.09,-0.80,-0.27,0.99
2020-01-22,32.95,32.90,33.44,32.00,13862,46356674.00,4.38,0.15,0.05,1.53
2020-02-03,29.83,29.83,30.26,29.83,11693,35578742.00,1.29,-10.18,-3.38,1.29
2020-02-04,29.83,30.30,30.84,29.43,17052,52567239.00,4.73,1.58,0.47,1.88
2020-02-06,30.69,31.55,31.81,29.94,18055,56835702.00,6.14,3.65,1.11,1.99
2020-02-10,30.78,30.64,30.83,30.07,23080,71443561.00,2.45,-1.35,-0.42,2.55
2020-02-12,33.08,34.91,35.98,32.63,49098,170620773.00,9.92,3.41,1.15,5.42
2020-02-14,33.51,33.81,35.21,32.99,23911,83058939.00,6.69,1.96,0.65,2.64
2020-02-18,38.98,37.20,38.98,36.61,31172,118731049.00,6.36,-0.13,-0.05,3.44
2020-02-20,38.76,38.90,40.40,38.44,22264,88199362.00,5.09,1.09,0.42,2.46
2020-02-24,38.63,38.93,40.22,37.41,19434,76376146.00,7.34,1.72,0.66,2.14
2020-02-25,37.97,37.97,39.38,36.49,20234,77951751.00,7.42,-2.47,-0.96,2.23
2020-02-27,37.41,37.47,38.21,35.94,22750,85441949.00,6.11,0.83,0.31,2.51
2020-03-02,35.49,37.41,37.57,34.86,17832,66091960.00,7.54,4.15,1.49,1.97
2020-03-04,36.42,37.28,38.07,36.13,15152,57413648.00,5.27,1.28,0.47,1.67
2020-03-06,37.86,38.26,39.21,37.44,13303,51529881.00,4.67,0.90,0.34,1.47
2020-03-10,35.61,36.90,37.41,35.31,10989,40821609.00,5.79,1.68,0.61,1.21
2020-03-12,38.18,36.76,38.24,36.50,12751,47988909.00,4.59,-3.06,-1.16,1.41
2020-03-16,35.77,34.29,36.07,34.17,12915,45859417.00,5.31,-4.16,-1.49,1.43
2020-03-18,35.41,34.51,35.70,34.15,9862,35049425.00,4.43,-1.32,-0.46,1.09
2020-03-19,34.33,33.78,34.89,33.29,10542,36549712.00,4.64,-2.12,-0.73,1.16
2020-03-23,33.21,32.56,33.21,32.40,13307,44214529.00,2.40,-3.67,-1.24,1.47
2020-03-25,33.80,34.13,34.52,33.61,14776,51325303.00,2.73,2.40,0.80,1.63
2020-03-27,33.63,33.24,33.81,32.67,9187,31127155.00,3.42,-0.15,-0.05,1.01
2020-03-31,32.49,32.77,33.73,32.49,8319,28041776.00,3.85,1.77,0.57,0.92
2020-04-02,32.19,32.85,32.86,32.13,5504,18149005.00,2.26,1.55,0.50,0.61
2020-04-07,33.41,33.68,33.95,32.92,11860,40675716.00,3.16,3.34,1.09,1.31
2020-04-09,33.77,33.96,34.20,33.51,7478,25795538.00,2.04,0.56,0.19,0.83
2020-04-10,34.37,33.11,34.37,32.71,9126,31016798.00,4.89,-2.50,-0.85,1.01
2020-04-14,34.51,34.01,34.52,33.85,12666,43930460.00,1.96,-0.44,-0.15,1.40
2020-04-16,33.42,33.12,33.68,32.92,9284,31408804.00,2.26,-1.58,-0.53,1.02
2020-04-20,33.26,33.68,33.98,33.03,7269,24734992.00,2.85,0.99,0.33,0.80
2020-04-22,33.36,35.20,35.20,33.36,20278,71444234.00,5.47,4.58,1.54,2.24
2020-04-24,34.41,36.07,36.31,34.41,18453,67185462.00,5.48,4.10,1.42,2.04
2020-04-28,36.84,37.26,37.48,35.62,10677,39967106.00,5.06,1.33,0.49,1.18
2020-04-30,37.87,37.73,38.03,37.20,11783,45080603.00,2.21,0.27,0.10,1.30
2020-05-06,37.73,37.77,38.21,36.60,13403,51105511.00,4.27,0.11,0.04,1.48
2020-05-08,38.19,37.60,38.72,37.24,19520,74834903.00,3.88,-1.54,-0.59,2.15
2020-05-12,36.76,39.06,40.35,36.76,30381,120598498.00,9.77,6.26,2.30,3.35
2020-05-14,40.22,42.71,43.41,38.74,37110,157275218.00,11.85,8.37,3.30,4.10
2020-05-18,42.98,42.09,42.98,41.44,19459,83341736.00,3.61,-1.38,-0.59,2.15
2020-05-20,45.47,44.91,46.27,43.99,17116,77735134.00,5.02,-1.10,-0.50,1.89
2020-05-22,44.46,42.93,44.46,42.15,13966,61234078.00,5.25,-2.45,-1.08,1.54
2020-05-26,42.94,44.51,45.01,42.67,19948,89200990.00,5.51,4.85,2.06,2.20
2020-05-28,42.21,41.30,42.81,40.46,13759,57700957.00,5.56,-2.36,-1.00,1.52
2020-05-29,41.03,44.02,44.72,41.03,21250,93930166.00,8.93,6.59,2.72,2.35
2020-06-02,44.59,43.03,45.10,42.20,21208,92773219.00,6.50,-3.50,-1.56,2.34
2020-06-04,43.21,43.72,46.77,42.28,24150,109318885.00,10.39,1.18,0.51,2.67
2020-06-08,42.79,41.83,43.08,41.43,15739,67196245.00,3.86,-2.22,-0.95,1.74
2020-06-10,42.94,42.29,43.94,42.03,11603,50105303.00,4.42,-2.06,-0.89,1.28
2020-06-12,41.28,42.38,42.86,40.67,12276,52277704.00,5.25,1.58,0.66,1.35
2020-06-16,41.86,42.28,43.87,41.84,18417,79651440.00,4.84,0.76,0.32,2.03
2020-06-18,42.41,41.00,42.93,40.41,19708,82373855.00,5.93,-3.51,-1.49,2.18
2020-06-19,40.82,42.39,42.56,40.40,26365,110964340.00,5.27,3.39,1.39,2.91
2020-06-23,40.77,39.90,40.93,38.96,23906,96580590.00,4.81,-2.59,-1.06,2.64
2020-06-29,41.40,41.43,41.69,40.22,14513,60631805.00,3.58,0.95,0.39,1.05
2020-07-01,44.45,41.57,44.84,41.01,31095,134037660.00,8.72,-5.33,-2.34,1.73
2020-07-03,43.42,46.03,46.21,42.37,23013,103713906.00,8.93,7.00,3.01,1.28
2020-07-07,45.37,45.80,45.95,44.46,28417,130093528.00,3.29,1.15,0.52,1.58
2020-07-09,46.41,47.33,48.09,46.11,20114,95935020.00,4.31,2.94,1.35,1.12
2020-07-13,46.71,47.08,48.26,46.52,24347,115941089.00,3.74,1.18,0.55,1.35
2020-07-14,47.47,45.44,47.85,44.24,34486,158098349.00,7.67,-3.48,-1.64,1.92
2020-07-16,50.58,47.90,52.45,47.48,50225,251394650.00,9.93,-4.26,-2.13,2.79
2020-07-20,56.58,51.92,56.88,50.03,44875,235305239.00,12.99,-1.54,-0.81,2.49
2020-07-22,53.58,53.31,55.42,51.78,29494,159319733.00,6.66,-2.43,-1.33,1.64
2020-07-24,51.88,52.27,54.11,51.24,23253,122754996.00,5.31,-3.35,-1.81,1.29
2020-07-28,54.54,54.37,55.56,52.60,25040,136341228.00,5.43,-0.20,-0.11,1.39
2020-07-30,57.31,57.76,58.07,55.36,19545,111785573.00,4.74,1.01,0.58,1.09
2020-08-03,59.75,59.49,60.83,58.39,17213,103156490.00,4.13,0.57,0.34,0.96
2020-08-05,62.89,66.24,68.26,62.58,26016,171051288.00,9.04,5.38,3.38,1.45
2020-08-06,65.58,63.68,65.58,61.75,18864,120076159.00,5.78,-3.86,-2.56,1.05
2020-08-10,61.59,63.21,64.02,60.92,13929,87765438.00,5.03,2.63,1.62,0.77
2020-08-12,59.51,58.95,60.97,57.28,16898,99693307.00,6.22,-0.57,-0.34,0.94
2020-08-14,59.08,59.59,59.76,56.98,10688,62832516.00,4.67,0.18,0.11,0.59
2020-08-18,59.58,60.87,62.16,59.08,21117,129295314.00,5.20,2.68,1.59,1.17
2020-08-20,57.08,57.50,57.99,55.36,13749,78803362.00,4.63,1.20,0.68,0.76
2020-08-24,59.27,58.73,60.28,57.20,14724,87676166.00,5.28,0.60,0.35,0.82
2020-08-26,59.30,64.98,67.57,59.30,37167,237830332.00,14.00,9.99,5.90,2.06
2020-08-27,64.22,64.91,67.05,63.27,24141,157669866.00,5.82,-0.11,-0.07,1.34
2020-08-31,66.45,66.99,69.38,64.59,19816,133903788.00,7.23,1.12,0.74,1.10
2020-09-02,67.46,68.67,70.17,66.93,17565,121759769.00,4.82,2.19,1.47,0.98
2020-09-04,65.72,66.35,67.10,65.08,17326,115191682.00,3.02,-0.88,-0.59,0.96
2020-09-08,59.98,59.94,61.24,58.61,21861,131596868.00,4.41,0.60,0.36,1.21
2020-09-10,56.48,54.16,56.83,52.94,21258,117007417.00,6.99,-2.69,-1.50,1.18
2020-09-14,55.86,55.26,56.58,54.28,15448,85573768.00,4.12,-1.11,-0.62,0.86
2020-09-16,55.58,55.46,56.54,54.60,10413,58269331.00,3.50,0.07,0.04,0.58
2020-09-17,55.81,56.68,58.16,55.35,11690,66920442.00,5.07,2.20,1.22,0.65
2020-09-21,58.83,58.99,59.93,56.88,13035,76664832.00,5.24,1.41,0.82,0.72
2020-09-23,59.29,58.19,59.29,56.60,13262,76853445.00,4.62,0.03,0.02,0.74
2020-09-25,56.01,56.98,57.46,55.38,10064,57329083.00,3.71,1.75,0.98,0.56
2020-09-29,58.58,58.80,59.58,57.58,8473,50116409.00,3.45,1.38,0.80,0.47
2020-10-09,60.78,61.48,61.84,59.62,15628,95534212.00,3.67,1.65,1.00,0.87
2020-10-13,60.53,59.42,60.53,58.58,13751,82228345.00,3.22,-1.83,-1.11,0.76
2020-10-15,60.83,61.49,62.46,59.72,13748,84650811.00,4.49,0.69,0.42,0.76
2020-10-19,58.16,58.38,59.98,57.39,10542,62265427.00,4.43,-0.15,-0.09,0.59
2020-10-20,58.18,58.78,59.16,57.68,7989,46939128.00,2.54,0.69,0.40,0.44
2020-10-22,58.23,58.28,59.18,57.43,9853,57759703.00,2.99,-0.51,-0.30,0.55
2020-10-26,55.44,56.48,56.88,54.59,6285,35411950.00,4.10,1.18,0.66,0.35
2020-10-28,56.58,57.08,57.83,55.70,10967,62965167.00,3.76,0.83,0.47,0.61
2020-10-30,58.58,59.78,60.00,57.28,17114,101404729.00,4.67,2.68,1.56,0.95
2020-11-03,58.08,59.03,59.81,56.90,10816,63686868.00,5.03,2.04,1.18,0.60
2020-11-05,57.58,57.41,58.28,56.84,9728,56220950.00,2.50,-0.30,-0.17,0.54
2020-11-09,53.22,55.52,56.72,53.01,12915,71953946.00,6.94,3.80,2.03,0.72
2020-11-10,55.80,54.38,56.68,53.69,11656,63971250.00,5.39,-2.05,-1.14,0.65
2020-11-12,54.62,52.62,54.88,52.53,16675,89605329.00,4.34,-2.74,-1.48,0.93
2020-11-16,51.66,49.87,51.84,49.08,29397,147839688.00,5.34,-3.45,-1.78,1.63
2020-11-18,49.56,50.14,50.14,47.13,18692,92106380.00,6.14,2.26,1.11,1.04
2020-11-20,50.56,52.98,53.33,50.46,13887,73489253.00,5.67,4.74,2.40,0.77
2020-11-24,53.13,52.34,53.13,51.76,6599,34689566.00,2.59,-0.87,-0.46,0.37
2020-11-26,52.51,53.28,54.52,52.22,12675,68216817.00,4.36,1.00,0.53,0.70
2020-11-30,52.68,52.98,53.39,52.48,7217,38570379.00,1.72,-0.08,-0.04,0.40
2020-12-01,53.04,51.94,53.64,51.88,8778,46300084.00,3.32,-1.96,-1.04,0.49
2020-12-03,52.46,49.78,52.46,49.43,21626,109069405.00,5.86,-3.75,-1.94,1.20
2020-12-07,52.70,52.58,53.76,52.24,9895,52697152.00,2.89,0.04,0.02,0.55
2020-12-09,52.58,51.08,52.87,50.40,8021,41590965.00,4.74,-2.07,-1.08,0.45
2020-12-11,52.24,50.78,52.45,50.10,10440,53526745.00,4.50,-2.72,-1.42,0.58
2020-12-15,51.22,51.76,52.08,50.77,7842,40787622.00,2.58,1.77,0.90,0.44
2020-12-17,52.08,50.55,52.83,50.08,12172,62740045.00,5.26,-3.24,-1.69,0.68
2020-12-21,49.15,49.68,50.96,48.64,21824,109737616.00,4.72,1.08,0.53,1.21
2020-12-23,49.33,49.58,50.54,48.49,11956,59092044.00,4.12,-0.32,-0.16,0.66
2020-12-24,49.76,50.58,51.57,48.93,11019,56303563.00,5.32,2.02,1.00,0.61
2020-12-28,51.94,52.15,52.98,51.23,8778,46272046.00,3.37,0.52,0.27,0.49
2020-12-30,52.07,51.98,52.43,50.88,7415,38584125.00,2.96,-0.57,-0.30,0.41
2021-01-04,53.36,51.75,53.38,50.86,23138,120441934.00,4.69,-3.60,-1.93,1.29
2021-01-06,51.85,52.83,53.05,50.88,13232,69698482.00,4.14,0.82,0.43,0.74
2021-01-08,54.58,51.77,55.84,50.73,26899,142235658.00,9.28,-5.94,-3.27,1.49
2021-01-12,50.22,50.03,50.84,48.28,17182,86234074.00,5.10,-0.42,-0.21,0.95
2021-01-14,46.61,46.14,47.61,44.19,30215,138346326.00,7.26,-2.00,-0.94,1.68
2021-01-15,46.78,48.43,48.43,46.35,15919,76213209.00,4.51,4.96,2.29,0.88
2021-01-19,47.84,49.19,49.85,47.26,24728,122164814.00,5.43,3.19,1.52,1.37
2021-01-21,48.99,48.29,49.45,47.08,19702,95476670.00,4.83,-1.49,-0.73,1.09
2021-01-25,48.69,47.57,49.64,47.18,13036,62910039.00,5.05,-2.28,-1.11,0.72
2021-01-27,47.22,47.60,48.44,47.08,6631,31956292.00,2.84,-0.73,-0.35,0.37
2021-01-29,49.57,53.54,56.24,49.57,39877,215719866.00,13.87,11.31,5.44,2.22
2021-02-02,56.58,58.88,59.54,55.77,28066,163364048.00,6.83,6.69,3.69,1.56
2021-02-04,57.53,58.42,59.08,56.62,15946,93136730.00,4.20,-0.19,-0.11,0.89
2021-02-05,57.85,55.91,58.71,55.78,13375,77004235.00,5.02,-4.30,-2.51,0.74
2021-02-09,57.49,58.55,60.08,57.16,16276,96378372.00,5.03,0.81,0.47,0.90
2021-02-18,61.01,58.01,61.01,57.08,17687,104032315.00,6.53,-3.56,-2.14,0.98
2021-02-22,59.16,57.58,59.16,56.78,13992,81569201.00,4.07,-1.51,-0.88,0.77
2021-02-24,59.59,61.53,62.06,57.91,27734,169160821.00,6.89,2.11,1.27,1.53
2021-02-26,56.59,53.96,58.15,53.43,37729,210070374.00,8.07,-7.78,-4.55,2.09
2021-03-02,57.33,56.11,57.33,55.38,12187,69014288.00,3.42,-1.70,-0.97,0.67
2021-03-04,57.97,56.16,58.42,55.60,12449,71071961.00,4.86,-3.12,-1.81,0.69
2021-03-08,56.12,51.58,56.45,51.37,18005,95654610.00,9.12,-7.38,-4.11,1.00
2021-03-09,51.26,50.56,51.80,49.27,11061,56402670.00,4.91,-1.98,-1.02,0.61
2021-03-11,49.39,51.78,52.05,49.39,5994,30894700.00,5.34,4.00,1.99,0.33
2021-03-15,51.55,49.78,52.29,49.66,7010,35733318.00,5.04,-4.67,-2.44,0.39
2021-03-17,52.08,50.60,52.15,49.80,6241,31856678.00,4.61,-0.71,-0.36,0.35
2021-03-19,50.70,52.40,53.46,50.31,9444,49785179.00,6.21,3.37,1.71,0.52
2021-03-23,51.28,50.98,51.73,50.39,5668,29137874.00,2.61,-0.84,-0.43,0.31
2021-03-25,49.59,49.17,50.57,48.98,6455,32321813.00,3.19,-1.23,-0.61,0.36
2021-03-29,52.08,52.30,53.16,51.53,6192,32681402.00,3.15,1.08,0.56,0.34
2021-03-30,52.38,52.09,52.80,51.67,5298,27845351.00,2.16,-0.40,-0.21,0.29
2021-04-01,51.47,52.96,53.43,50.60,6568,34692684.00,5.54,3.66,1.87,0.36
2021-04-06,51.56,52.27,53.57,51.56,4458,23615299.00,3.82,-0.57,-0.30,0.25
2021-04-08,50.51,53.08,53.53,49.95,10560,55592529.00,7.09,5.09,2.57,0.58
2021-04-12,54.66,56.85,58.15,54.66,17341,99652526.00,6.47,5.39,2.91,0.96
2021-04-14,55.94,58.65,59.05,55.77,12854,75474311.00,5.79,3.53,2.00,0.71
2021-04-16,57.72,56.28,57.73,55.79,9312,53003960.00,3.36,-2.48,-1.43,0.52
2021-04-20,54.96,55.93,56.76,54.95,7449,42121173.00,3.23,-0.09,-0.05,0.41
2021-04-21,56.38,56.17,56.57,55.12,7186,40448160.00,2.59,0.43,0.24,0.40
2021-04-23,56.16,56.83,57.58,55.33,14690,83755322.00,3.99,0.89,0.50,0.81
2021-04-27,55.33,57.78,58.36,55.13,12675,72809661.00,5.81,3.96,2.20,0.70
2021-04-29,57.67,57.38,57.83,56.20,8161,46986056.00,2.83,-0.38,-0.22,0.45
2021-05-06,60.57,56.89,60.57,55.46,19949,114227922.00,8.65,-3.67,-2.17,1.10
2021-05-10,56.75,56.48,57.33,55.84,23175,131848610.00,2.62,-0.53,-0.30,1.28
2021-05-12,57.50,59.43,59.66,57.50,25693,152742035.00,3.76,3.36,1.93,1.42
2021-05-14,60.89,58.79,61.48,58.49,12997,77223277.00,5.03,-1.16,-0.69,0.72
2021-05-18,60.81,62.94,63.67,60.08,13145,81993160.00,5.88,3.13,1.91,0.73
2021-05-19,61.95,63.44,64.13,61.63,12709,80513895.00,3.97,0.79,0.50,0.70
2021-05-21,63.62,63.32,64.13,61.76,8558,54364889.00,3.73,-0.41,-0.26,0.47
2021-05-25,66.01,64.41,66.01,63.94,8820,57492070.00,3.19,-0.74,-0.48,0.49
2021-05-27,64.88,66.95,67.62,62.58,19902,131300653.00,7.79,3.54,2.29,1.10
2021-05-31,67.24,66.68,67.77,65.18,18289,122766244.00,3.84,-1.10,-0.74,1.01
2021-06-02,65.70,64.87,66.88,64.53,10290,67613143.00,3.54,-2.27,-1.51,0.57
2021-06-04,63.24,63.31,64.28,62.61,8480,53984468.00,2.63,-0.47,-0.30,0.47
2021-06-08,64.08,61.74,64.14,60.83,12857,80307705.00,5.24,-2.20,-1.39,0.71
2021-06-09,60.59,60.89,63.04,60.59,6630,41063113.00,3.97,-1.38,-0.85,0.37
2021-06-11,59.92,59.57,60.54,59.24,5536,33338591.00,2.17,-0.58,-0.35,0.31
2021-06-16,59.02,57.96,59.88,57.88,5822,34354777.00,3.40,-1.51,-0.89,0.32
2021-06-18,61.43,58.61,61.58,57.90,14553,86678038.00,6.01,-4.23,-2.59,0.81
2021-06-22,59.13,59.08,59.45,57.89,9082,53497556.00,2.64,-0.08,-0.05,0.50
2021-06-24,58.18,57.64,59.00,57.62,5431,31729684.00,2.36,-1.27,-0.74,0.30
2021-06-28,59.61,59.28,59.84,58.17,8425,50203696.00,2.80,-0.55,-0.33,0.47
2021-06-30,59.83,60.20,60.83,59.11,6448,38978868.00,2.88,0.84,0.50,0.36
2021-07-01,60.18,60.00,61.43,59.28,6499,39291544.00,3.57,-0.33,-0.20,0.36
2021-07-05,57.27,57.36,58.26,56.85,4755,27534218.00,2.48,1.07,0.61,0.26
2021-07-07,55.59,56.08,56.75,55.28,5673,32101173.00,2.63,0.45,0.25,0.31
2021-07-09,55.69,53.87,55.87,53.56,11921,65288435.00,4.15,-3.11,-1.73,0.66
2021-07-13,54.55,62.09,63.93,54.14,24270,147007003.00,18.31,16.10,8.61,1.34
2021-07-15,62.77,60.85,62.77,59.84,12575,77193704.00,4.68,-2.72,-1.70,0.70
2021-07-19,57.71,56.58,59.28,56.24,11183,65002225.00,5.25,-2.35,-1.36,0.62
2021-07-21,55.10,54.99,55.93,54.26,7403,41034488.00,3.05,0.27,0.15,0.41
2021-07-23,54.67,53.88,55.25,52.68,9204,49668835.00,4.70,-1.45,-0.79,0.51
2021-07-26,53.58,53.44,54.51,52.79,6411,34457027.00,3.19,-0.82,-0.44,0.35
2021-07-28,54.58,51.87,55.48,51.63,7183,38081611.00,7.19,-3.19,-1.71,0.40
2021-07-30,53.21,53.70,54.53,52.13,6348,34149863.00,4.55,1.70,0.90,0.35
2021-08-03,54.10,53.57,55.06,53.14,6332,34452301.00,3.54,-1.24,-0.67,0.35
2021-08-05,54.46,56.07,56.73,53.47,10065,56260008.00,6.01,3.32,1.80,0.56
2021-08-09,56.31,56.96,57.36,55.58,4955,28177212.00,3.16,1.21,0.68,0.27
2021-08-11,58.04,59.35,59.56,57.46,6785,40246918.00,3.62,2.22,1.29,0.38
2021-08-13,59.43,58.44,60.06,58.08,5121,30346911.00,3.34,-1.57,-0.93,0.28
2021-08-16,58.62,58.89,59.43,57.96,3283,19398376.00,2.52,0.77,0.45,0.18
2021-08-18,57.59,59.32,59.78,57.59,5686,33783927.00,3.78,2.26,1.31,0.31
2021-08-20,59.57,59.39,60.15,58.19,8631,51525216.00,3.28,-0.69,-0.41,0.48
2021-08-24,59.24,59.80,60.18,58.86,4971,29845652.00,2.22,0.44,0.26,0.27
2021-08-26,59.25,59.20,60.75,58.88,8285,49839871.00,3.16,0.00,0.00,0.46
2021-08-30,56.94,58.48,58.73,56.26,12575,73256584.00,4.40,4.26,2.39,0.70
2021-09-01,55.26,54.14,55.43,53.18,11434,62675489.00,4.09,-1.60,-0.88,0.63
2021-09-03,53.34,51.96,54.25,51.49,12255,64370791.00,5.20,-2.11,-1.12,0.68
2021-09-06,52.24,52.82,53.26,50.60,12971,67870358.00,5.12,1.66,0.86,0.72
2021-09-08,52.18,51.11,52.18,51.10,8197,42438539.00,2.08,-1.48,-0.77,0.45
2021-09-10,49.97,50.41,50.55,49.40,9049,45652540.00,2.30,0.86,0.43,0.50
2021-09-14,49.03,49.10,49.93,48.30,8353,41396694.00,3.36,1.07,0.52,0.46
2021-09-16,48.54,49.41,49.82,47.88,8574,42504348.00,4.03,2.64,1.27,0.47
2021-09-22,48.57,49.16,49.24,47.98,7067,34381871.00,2.55,-0.51,-0.25,0.39
2021-09-24,48.46,49.98,49.98,47.40,10052,49686964.00,5.41,4.82,2.30,0.56
2021-09-28,52.88,52.20,53.04,51.26,7339,38524954.00,3.47,1.81,0.93,0.41
2021-09-30,51.16,51.19,51.48,49.82,4072,20868861.00,3.29,1.61,0.81,0.23
2021-10-08,52.01,52.79,52.91,50.68,6615,34924449.00,4.36,3.13,1.60,0.37
2021-10-12,51.68,51.60,52.57,51.38,4322,22612336.00,2.28,-1.11,-0.58,0.24
2021-10-14,52.82,53.61,54.26,51.91,7354,39385357.00,4.49,2.47,1.29,0.41
2021-10-18,57.95,56.37,58.03,56.18,11822,67586099.00,3.21,-2.31,-1.33,0.65
2021-10-20,55.22,54.95,56.75,54.58,11106,61889514.00,3.88,-1.79,-1.00,0.61
2021-10-22,54.23,54.55,55.34,54.02,10992,60838110.00,2.44,0.66,0.36,0.61
2021-10-26,52.76,53.26,54.07,52.41,10711,57608052.00,3.09,-0.75,-0.40,0.59
2021-10-28,53.73,54.97,56.18,52.63,27554,153944805.00,6.67,3.21,1.71,1.52
2021-10-29,55.49,57.10,58.78,55.28,26216,150504534.00,6.37,3.87,2.13,1.45
2021-11-02,59.67,59.88,61.16,58.27,15906,95881509.00,4.81,-0.40,-0.24,0.88
2021-11-04,61.16,61.78,62.58,59.88,17751,109940283.00,4.50,3.02,1.81,0.98
2021-11-08,60.93,60.05,62.35,59.48,14585,88277593.00,4.63,-3.18,-1.97,0.81
2021-11-10,61.16,60.38,61.16,59.33,7877,47753663.00,2.99,-1.28,-0.78,0.44
2021-11-12,59.92,59.89,60.60,59.70,6595,39894258.00,1.50,-0.13,-0.08,0.36
2021-11-16,62.02,60.30,62.02,58.74,6998,42231857.00,5.42,-0.43,-0.26,0.39
2021-11-18,60.23,60.55,60.98,59.04,5888,35620215.00,3.23,0.95,0.57,0.33
2021-11-22,62.07,61.08,62.07,59.48,12083,73294362.00,4.22,-0.46,-0.28,0.67
2021-11-23,60.80,59.68,61.37,59.19,8594,51908463.00,3.57,-2.29,-1.40,0.48
2021-11-25,59.68,60.23,60.63,58.88,5851,35081921.00,2.88,-0.87,-0.53,0.32
2021-11-29,60.01,61.26,61.58,57.68,9598,58007870.00,6.54,2.68,1.60,0.53
2021-12-01,59.57,61.56,62.68,58.68,15276,93420991.00,6.76,3.97,2.35,0.84
2021-12-03,59.29,58.65,60.24,58.38,8061,47768759.00,3.15,-0.76,-0.45,0.45
2021-12-07,59.35,57.08,60.95,56.51,7469,43491413.00,7.65,-1.64,-0.95,0.41
2021-12-09,57.14,62.42,63.67,57.09,18993,116597315.00,11.52,9.24,5.28,1.05
2021-12-13,59.92,63.07,64.07,59.92,17116,108016664.00,6.94,5.49,3.28,0.95
2021-12-14,62.66,63.28,63.50,62.08,9278,58642557.00,2.25,0.33,0.21,0.51
2021-12-16,58.30,58.67,59.10,57.40,14528,85279633.00,2.92,0.62,0.36,0.80
2021-12-20,58.18,58.47,58.98,56.54,9472,55236773.00,4.21,0.78,0.45,0.52
2021-12-22,60.22,60.68,61.17,59.47,11115,67791271.00,2.82,0.78,0.47,0.61
2021-12-24,61.13,59.26,61.13,58.87,7843,46917087.00,3.72,-2.36,-1.43,0.43
2021-12-28,59.86,59.28,62.05,59.18,10497,63747828.00,4.83,-0.13,-0.08,0.58
2021-12-30,61.66,61.68,62.19,60.15,10411,64492531.00,3.36,1.50,0.91,0.58
2022-01-04,62.24,59.50,62.24,59.16,17042,102564439.00,4.98,-3.86,-2.39,0.94
2022-01-05,59.98,57.27,60.93,56.42,27940,161730762.00,7.58,-3.75,-2.23,1.54
2022-01-07,57.18,58.08,58.93,57.18,17520,102565086.00,3.05,1.17,0.67,0.97
2022-01-11,57.77,59.84,59.87,57.68,10850,64504621.00,3.73,1.98,1.16,0.60
2022-01-13,60.45,58.39,61.33,58.22,8642,51285426.00,5.14,-3.41,-2.06,0.48
2022-01-17,56.66,56.64,57.28,55.38,9953,56235188.00,3.35,-0.02,-0.01,0.55
2022-01-19,57.98,57.29,57.99,56.39,8323,47751166.00,2.79,-0.28,-0.16,0.46
2022-01-21,56.35,54.64,57.16,54.05,9640,53526476.00,5.49,-3.62,-2.05,0.53
2022-01-25,55.88,57.77,58.95,55.33,11828,68676970.00,6.46,3.09,1.73,0.65
2022-01-27,56.03,53.89,56.16,51.57,16094,86175081.00,8.27,-2.87,-1.59,0.89
2022-01-28,53.35,52.18,53.78,51.18,15262,79941883.00,4.82,-3.17,-1.71,0.84
2022-02-08,52.74,51.30,53.16,50.74,8578,44369726.00,4.59,-2.71,-1.43,0.44
2022-02-10,51.57,50.37,51.77,50.31,7287,37155117.00,2.84,-1.89,-0.97,0.37
2022-02-14,49.37,50.08,51.17,48.76,10502,52962724.00,4.84,0.62,0.31,0.54
2022-02-16,50.61,49.72,50.81,49.59,7671,38523014.00,2.42,-1.47,-0.74,0.39
2022-02-18,51.16,50.78,51.38,49.46,7564,38307685.00,3.73,-1.36,-0.70,0.39
2022-02-22,49.67,48.95,49.83,48.68,4571,22515319.00,2.30,-2.06,-1.03,0.23
2022-02-24,51.02,48.28,51.03,47.48,11243,55422034.00,6.97,-5.20,-2.65,0.58
2022-02-25,48.77,50.27,50.78,48.55,11644,58807978.00,4.62,4.12,1.99,0.60
2022-03-01,50.38,48.99,50.61,48.58,9379,46544049.00,4.07,-1.80,-0.90,0.48
2022-03-03,48.11,47.36,48.48,46.81,8521,40647588.00,3.47,-1.56,-0.75,0.43
2022-03-07,47.56,47.48,48.41,46.28,8386,40167800.00,4.41,-1.60,-0.77,0.43
2022-03-09,44.99,44.68,45.07,41.97,12645,56125670.00,6.87,-1.02,-0.46,0.65
2022-03-11,46.61,47.68,47.88,45.68,8239,38870206.00,4.67,1.23,0.58,0.42
2022-03-15,43.38,43.69,45.68,42.70,13564,60422847.00,6.76,-0.93,-0.41,0.69
2022-03-17,46.53,48.69,48.87,45.70,13320,64089801.00,6.86,5.30,2.45,0.68
2022-03-18,48.16,46.74,48.54,46.69,7346,35022623.00,3.80,-4.00,-1.95,0.38
2022-03-22,47.72,46.40,47.75,46.18,4429,20901765.00,3.26,-3.77,-1.82,0.23
2022-03-24,47.68,48.15,48.76,47.09,6390,31004328.00,3.48,0.38,0.18,0.33
2022-03-28,45.83,44.98,45.89,44.18,5368,24257272.00,3.70,-2.70,-1.25,0.27
2022-03-30,45.89,46.53,47.48,45.26,11414,53649169.00,4.83,1.20,0.55,0.58
2022-04-01,45.81,47.62,48.13,45.03,9146,43393123.00,6.72,3.23,1.49,0.47
2022-04-07,44.37,44.74,45.34,43.68,5551,24997963.00,3.74,0.83,0.37,0.28
2022-04-11,43.09,44.55,44.98,43.06,17497,77965637.00,4.49,4.23,1.81,0.89
2022-04-13,46.44,45.57,46.98,44.88,7152,32882748.00,4.55,-1.32,-0.61,0.37
2022-04-14,45.68,45.11,46.55,45.09,7105,32548975.00,3.20,-1.01,-0.46,0.36
2022-04-18,46.08,46.68,47.82,45.33,9617,45261247.00,5.39,1.08,0.50,0.49
2022-04-20,44.68,46.88,47.09,44.26,17917,82872320.00,6.30,4.36,1.96,0.92
2022-04-22,45.99,43.98,46.57,43.89,20327,91892939.00,5.74,-5.88,-2.75,1.04
2022-04-26,40.30,40.44,41.99,39.06,12774,52595554.00,7.25,0.12,0.05,0.65
2022-04-28,40.34,44.83,45.68,39.01,22401,97917177.00,16.81,12.98,5.15,1.15
2022-05-05,46.68,46.23,47.19,45.28,18926,88116340.00,4.09,-1.11,-0.52,0.97
2022-05-09,45.49,45.94,46.67,45.19,10175,47358108.00,3.25,0.79,0.36,0.52
2022-05-10,45.84,46.68,47.76,45.01,11527,54149697.00,5.99,1.61,0.74,0.59
2022-05-12,49.53,48.96,49.56,47.73,8707,42689858.00,3.77,0.76,0.37,0.45
2022-05-16,48.65,48.20,48.65,47.39,6750,32596028.00,2.62,0.40,0.19,0.35
2022-05-18,47.95,46.65,48.97,46.39,10892,52180349.00,5.41,-2.16,-1.03,0.56
2022-05-20,47.72,48.71,48.86,47.55,10717,52109604.00,2.74,2.01,0.96,0.55
2022-05-24,46.54,45.15,47.48,45.14,12907,59936782.00,5.00,-3.51,-1.64,0.66
2022-05-26,45.59,46.78,47.88,44.68,18830,88412840.00,7.13,4.23,1.90,0.96
2022-05-30,51.86,52.87,52.96,48.33,47141,238411794.00,8.74,-0.21,-0.11,2.41
2022-05-31,50.87,50.76,52.31,49.73,30613,158097134.00,4.88,-3.99,-2.11,1.57
2022-06-02,50.36,50.74,51.26,49.39,13956,70638506.00,3.67,-0.31,-0.16,0.71
2022-06-07,49.80,51.77,52.33,49.78,23694,122893366.00,5.10,3.60,1.80,1.21
2022-06-09,51.98,48.98,52.08,48.74,22286,112126854.00,6.41,-5.95,-3.10,1.14
2022-06-13,50.23,53.38,54.18,49.37,19791,104064698.00,9.54,5.85,2.95,1.01
2022-06-15,50.81,51.43,52.18,50.34,14523,75243856.00,3.62,1.20,0.61,0.74
2022-06-17,51.94,50.69,53.15,50.48,11539,59441853.00,5.07,-3.69,-1.94,0.59
2022-06-21,51.19,51.78,51.98,50.81,8309,42996280.00,2.26,0.19,0.10,0.42
2022-06-23,48.89,49.30,49.84,48.78,10960,54440297.00,2.16,0.45,0.22,0.56
2022-06-24,49.34,48.98,50.03,48.87,18513,91774208.00,2.35,-0.65,-0.32,0.95
2022-06-28,50.02,50.28,50.77,49.48,12200,61485514.00,2.59,0.88,0.44,0.62
2022-06-30,52.22,51.57,53.18,51.37,16217,85131932.00,3.53,0.70,0.36,0.83
2022-07-04,49.84,50.70,50.80,49.48,11358,57498988.00,2.65,1.73,0.86,0.58
2022-07-06,48.17,49.29,49.86,47.44,19181,94652911.00,5.03,2.54,1.22,0.98
2022-07-08,49.46,48.80,50.00,47.83,14802,72348896.00,4.37,-1.77,-0.88,0.76
2022-07-12,47.46,45.88,47.58,45.70,16447,76705412.00,3.96,-3.33,-1.58,0.84
2022-07-14,45.51,45.39,46.13,44.68,12349,56591280.00,3.20,0.07,0.03,0.63
2022-07-15,46.17,44.92,46.57,44.78,14615,67394254.00,3.94,-1.04,-0.47,0.75
2022-07-19,45.28,44.07,45.81,43.96,16807,75277464.00,4.09,-2.63,-1.19,0.86
2022-07-21,44.39,44.19,45.43,44.19,12518,56127612.00,2.80,-0.18,-0.08,0.64
2022-07-25,44.39,43.52,44.64,42.88,15416,67497360.00,3.97,-1.94,-0.86,0.79
2022-07-27,44.34,43.09,44.67,42.82,14683,63876612.00,4.16,-3.15,-1.40,0.75
2022-07-29,42.98,42.86,43.47,42.40,12519,53923353.00,2.50,-0.05,-0.02,0.64
2022-08-02,41.88,41.34,42.17,40.22,17615,73072886.00,4.62,-2.01,-0.85,0.90
2022-08-04,41.53,41.08,41.60,40.28,11765,48180810.00,3.18,-1.13,-0.47,0.60
2022-08-05,40.99,41.88,42.03,40.68,8997,37359268.00,3.29,1.95,0.80,0.46
2022-08-09,41.95,41.60,42.17,40.76,11659,48310768.00,3.36,-0.79,-0.33,0.60
2022-08-11,41.38,42.39,42.74,41.38,8504,35995779.00,3.29,2.44,1.01,0.43
2022-08-15,42.26,41.86,42.49,41.54,10062,42269077.00,2.24,-1.13,-0.48,0.51
2022-08-17,41.19,41.38,41.53,40.70,7101,29278008.00,2.02,0.46,0.19,0.36
2022-08-19,40.28,39.96,40.57,39.94,8648,34873974.00,1.56,-0.79,-0.32,0.44
2022-08-23,40.54,39.93,41.12,39.89,8947,36002179.00,3.00,-2.66,-1.09,0.46
2022-08-25,39.67,40.13,41.07,38.93,15927,64025064.00,5.45,2.16,0.85,0.81
2022-08-29,40.13,40.13,41.13,39.66,17638,71420368.00,3.63,-0.79,-0.32,0.90
2022-08-30,40.17,40.78,40.85,39.83,10607,43180802.00,2.54,1.62,0.65,0.54
2022-09-01,39.84,38.86,40.35,38.66,14899,58975822.00,4.28,-1.57,-0.62,0.76
2022-09-05,37.28,37.81,37.98,36.29,30849,115351397.00,4.52,1.15,0.43,1.57
2022-09-07,36.09,35.47,36.10,34.48,34703,122596802.00,4.50,-1.58,-0.57,1.77
2022-09-09,35.44,34.85,35.80,34.69,29501,103676797.00,3.13,-1.66,-0.59,1.51
2022-09-14,34.58,35.13,35.26,34.38,16912,59227742.00,2.50,0.00,0.00,0.86
2022-09-16,35.73,35.05,36.16,34.88,18330,65333782.00,3.59,-1.63,-0.58,0.94
2022-09-20,35.23,35.51,35.64,34.49,14235,50255223.00,3.27,0.97,0.34,0.73
2022-09-21,35.34,34.98,35.34,34.64,11297,39591519.00,1.97,-1.49,-0.53,0.58
2022-09-23,33.98,33.54,34.31,32.89,15296,51510853.00,4.17,-1.53,-0.52,0.78
2022-09-27,33.89,35.00,35.15,33.48,19747,68686831.00,4.93,3.31,1.12,1.01
2022-09-29,34.08,34.86,35.95,34.08,22682,80190559.00,5.46,1.81,0.62,1.16
2022-10-10,34.40,32.81,34.40,32.58,11167,37300049.00,5.37,-3.19,-1.08,0.57
2022-10-12,32.39,32.92,32.98,31.40,10055,32676429.00,4.86,1.35,0.44,0.51
2022-10-14,33.05,33.14,33.83,32.76,32006,107092467.00,3.26,0.98,0.32,1.63
2022-10-18,32.94,34.87,36.48,32.94,57046,200804918.00,10.80,6.38,2.09,2.91
2022-10-19,35.21,33.16,35.21,33.02,30857,104180568.00,6.28,-4.90,-1.71,1.58
2022-10-21,32.22,31.15,32.22,31.08,21840,68945748.00,3.55,-2.96,-0.95,1.11
2022-10-25,30.13,29.97,30.68,29.63,20047,60550578.00,3.46,-1.32,-0.40,1.02
2022-10-27,31.45,31.58,32.08,31.28,13940,44339898.00,2.55,0.48,0.15,0.71
2022-10-31,32.97,32.06,32.97,31.60,25169,81153122.00,4.22,-1.32,-0.43,1.28
2022-11-02,34.48,36.78,38.13,34.06,61160,222450568.00,11.79,6.52,2.25,3.12
2022-11-04,37.58,40.28,40.73,37.30,74554,296186945.00,9.20,8.08,3.01,3.81
2022-11-08,41.08,41.00,41.68,39.96,29391,120315082.00,4.20,0.07,0.03,1.50
2022-11-10,43.37,42.28,46.16,41.97,54933,239800770.00,9.75,-1.61,-0.69,2.80
2022-11-11,43.86,43.38,45.76,42.32,71165,314518271.00,8.14,2.60,1.10,3.63
2022-11-15,42.15,43.08,43.38,41.10,32025,136290066.00,5.42,2.40,1.01,1.63
2022-11-17,44.13,43.47,44.48,42.48,25120,108601819.00,4.51,-1.94,-0.86,1.28
2022-11-21,43.38,42.73,43.38,41.98,14611,62317958.00,3.21,-1.95,-0.85,0.75
2022-11-23,41.88,41.07,42.23,40.88,12339,51008569.00,3.22,-2.17,-0.91,0.63
2022-11-25,41.38,40.64,41.67,40.13,12497,50841668.00,3.71,-1.98,-0.82,0.64
2022-11-29,41.88,41.68,42.87,40.89,28593,119559961.00,4.76,0.17,0.07,1.46
2022-12-01,43.87,43.34,46.22,42.16,53965,238125264.00,9.82,4.79,1.98,2.75
2022-12-02,43.35,43.31,43.80,42.38,28351,122745380.00,3.28,-0.07,-0.03,1.45
2022-12-06,45.56,47.45,48.85,45.32,41547,197453831.00,7.74,4.10,1.87,2.12
2022-12-08,50.28,49.75,50.34,48.98,21012,104454927.00,2.73,-0.18,-0.09,1.07
2022-12-12,49.88,49.73,50.36,49.19,14634,72944752.00,2.36,0.42,0.21,0.75
2022-12-14,47.38,49.34,49.67,46.58,33459,164271093.00,6.56,4.82,2.27,1.71
2022-12-16,48.94,48.68,49.88,48.50,11843,58308393.00,2.80,-1.30,-0.64,0.60
2022-12-20,48.32,47.71,48.32,46.36,13893,65917120.00,4.06,-1.26,-0.61,0.71
2022-12-22,47.90,49.08,49.91,47.38,19843,97660138.00,5.28,2.51,1.20,1.01
2022-12-23,49.08,49.52,50.66,48.54,24698,123646805.00,4.32,0.90,0.44,1.26
2022-12-27,48.49,49.34,50.13,47.67,17431,86097333.00,5.09,2.03,0.98,0.89
2022-12-29,48.12,49.07,49.75,47.87,16602,81866881.00,3.91,1.93,0.93,0.85
2023-01-03,49.30,49.25,50.06,48.43,12945,64104140.00,3.33,0.76,0.37,0.66
2023-01-05,50.98,52.04,54.18,50.88,30425,160876819.00,6.45,1.68,0.86,1.55
2023-01-09,51.46,50.52,51.66,50.08,17761,90102603.00,3.05,-2.43,-1.26,0.91
2023-01-11,52.10,53.39,54.38,51.49,25203,135051315.00,5.55,2.48,1.29,1.29
2023-01-13,53.61,54.27,55.16,52.98,12398,67545200.00,4.07,1.23,0.66,0.63
2023-01-17,52.94,51.98,53.14,51.44,16350,85447154.00,3.23,-1.37,-0.72,0.83
2023-01-18,51.99,50.94,52.23,50.48,11072,56976759.00,3.37,-2.00,-1.04,0.57
2023-01-20,51.85,51.22,52.60,50.52,12867,66299775.00,4.00,-1.46,-0.76,0.66
2023-01-31,50.98,49.99,51.28,49.63,17705,88886266.00,3.26,-1.34,-0.68,0.90
2023-02-02,50.14,49.98,50.78,49.56,14993,75233797.00,2.43,-0.40,-0.20,0.77
2023-02-06,49.14,48.58,49.39,48.08,16294,79398023.00,2.64,-2.19,-1.09,0.83
2023-02-08,48.58,48.42,49.37,47.88,15714,76440998.00,3.05,-0.84,-0.41,0.80
2023-02-10,49.20,49.84,50.42,48.88,16023,79637040.00,3.13,1.32,0.65,0.82
2023-02-14,52.68,50.67,52.73,50.23,18594,94920810.00,4.78,-3.14,-1.64,0.95
2023-02-15,50.67,50.20,50.99,49.46,11556,58196946.00,3.02,-0.93,-0.47,0.59
2023-02-17,49.21,49.75,50.03,49.18,9146,45512650.00,1.72,0.75,0.37,0.47
2023-02-21,49.15,48.50,49.77,48.32,16468,80591255.00,2.94,-1.82,-0.90,0.84
2023-02-23,48.98,49.08,50.07,48.50,6060,29848525.00,3.19,-0.37,-0.18,0.31
2023-02-27,48.75,48.26,49.25,47.88,7589,36791484.00,2.81,-1.03,-0.50,0.39
2023-03-01,48.99,48.24,49.37,47.73,11782,57004262.00,3.35,-1.51,-0.74,0.60
2023-03-03,48.88,49.99,50.28,48.68,18307,91424868.00,3.27,2.27,1.11,0.93
2023-03-07,52.51,52.98,53.64,52.19,26307,139673585.00,2.78,1.51,0.79,1.34
2023-03-08,53.00,52.88,53.86,52.14,9842,52091462.00,3.25,-0.19,-0.10,0.50
2023-03-10,51.35,51.84,52.18,51.28,10238,53129997.00,1.74,0.31,0.16,0.52
2023-03-14,51.11,49.78,51.35,49.54,7191,36211067.00,3.54,-2.58,-1.32,0.37
2023-03-16,44.09,43.19,44.70,42.92,38012,165753611.00,4.02,-2.55,-1.13,1.93
2023-03-20,42.33,41.33,42.38,39.88,29886,122885782.00,5.93,-2.04,-0.86,1.52
2023-03-22,43.97,42.52,45.18,42.48,18920,82923295.00,6.16,-3.06,-1.34,0.96
2023-03-24,42.93,43.33,44.22,42.18,16240,71010744.00,4.79,1.69,0.72,0.83
2023-03-28,42.89,43.25,43.75,42.63,10719,46490628.00,2.62,1.17,0.50,0.55
2023-03-30,43.08,43.53,43.88,42.63,11620,50431697.00,2.90,1.04,0.45,0.59
2023-03-31,43.52,44.33,44.79,43.24,12979,57600965.00,3.56,1.84,0.80,0.66
2023-04-04,44.80,43.66,44.80,43.43,9847,43230194.00,3.09,-1.58,-0.70,0.50
2023-04-07,43.25,43.28,43.81,42.78,11864,51613657.00,2.41,1.29,0.55,0.60
2023-04-11,42.84,42.95,43.28,42.37,12141,52216200.00,2.14,0.87,0.37,0.62
2023-04-13,41.19,42.73,43.12,41.19,31535,133870832.00,4.69,3.92,1.61,1.61
2023-04-17,41.78,42.18,43.46,41.68,17384,73904325.00,4.29,1.54,0.64,0.89
2023-04-19,41.33,40.96,41.85,40.29,16030,65765113.00,3.76,-1.25,-0.52,0.82
2023-04-21,40.98,40.35,41.61,40.10,10906,44452602.00,3.68,-1.68,-0.69,0.56
2023-04-24,40.18,39.78,40.44,39.19,16412,65453234.00,3.10,-1.41,-0.57,0.84
2023-04-26,39.61,39.79,41.36,39.28,14404,58387844.00,5.33,1.95,0.76,0.73
2023-04-28,38.74,40.60,41.96,38.08,41391,166851725.00,9.62,0.69,0.28,2.11
2023-05-05,38.81,38.23,38.81,37.59,12402,47274522.00,3.19,-0.05,-0.02,0.63
2023-05-09,37.79,37.28,38.66,37.27,11934,45117588.00,3.65,-2.02,-0.77,0.61
2023-05-11,37.72,37.51,38.68,36.73,14408,54779231.00,5.23,0.67,0.25,0.73
2023-05-15,37.34,36.48,37.54,35.97,26473,96684934.00,4.23,-1.80,-0.67,1.35
2023-05-17,35.71,35.82,36.20,35.42,8586,30811075.00,2.17,-0.17,-0.06,0.44
2023-05-18,35.68,35.49,36.14,35.21,14537,51823030.00,2.60,-0.92,-0.33,0.74
2023-05-22,36.03,36.48,36.73,35.67,10212,37273312.00,2.94,1.25,0.45,0.52
2023-05-24,35.39,34.79,35.39,34.64,9529,33452874.00,2.12,-1.70,-0.60,0.49
2023-05-26,34.78,34.23,34.80,34.04,7319,25165248.00,2.19,-1.27,-0.44,0.37
2023-05-30,34.06,33.83,34.28,33.24,9420,31807676.00,3.07,0.00,0.00,0.48
2023-06-01,33.88,34.20,34.88,33.55,12120,41756091.00,3.91,0.65,0.22,0.62
2023-06-05,34.70,33.88,35.18,33.62,16752,57259959.00,4.50,-2.36,-0.82,0.85
2023-06-07,32.83,33.08,33.30,32.69,10874,36033318.00,1.85,0.43,0.14,0.55
2023-06-09,32.39,32.22,32.57,31.74,18212,58793886.00,2.57,-0.12,-0.04,0.93
2023-06-12,32.25,33.10,33.75,31.95,33114,109664769.00,5.59,2.73,0.88,1.69
2023-06-14,33.44,36.08,37.52,33.44,95126,342953763.00,12.20,7.89,2.64,4.85
2023-06-16,37.94,37.73,38.80,36.80,52042,197296783.00,5.17,-2.46,-0.95,2.65
2023-06-20,37.91,36.50,38.13,36.35,35946,133387224.00,4.79,-1.78,-0.66,1.83
2023-06-26,35.48,34.93,35.58,34.23,23838,83449366.00,3.79,-1.88,-0.67,1.21
2023-06-28,36.09,35.48,36.29,35.09,21424,76451807.00,3.31,-2.07,-0.75,1.09
2023-06-30,33.45,35.25,35.94,33.14,36927,128985169.00,8.34,4.97,1.67,1.88
2023-07-04,35.58,36.15,36.37,35.18,17801,64190448.00,3.33,1.26,0.45,0.91
2023-07-05,35.89,34.76,36.05,34.59,14241,50139461.00,4.04,-3.85,-1.39,0.73
2023-07-07,34.20,33.08,34.39,33.00,21635,72122549.00,4.07,-3.13,-1.07,1.10
2023-07-11,34.62,36.18,36.53,34.42,25567,91336731.00,6.05,3.73,1.30,1.30
2023-07-13,36.86,36.70,37.50,36.36,23722,87161148.00,3.09,-0.68,-0.25,1.21
2023-07-17,35.82,34.50,36.00,34.39,14299,49886446.00,4.52,-3.06,-1.09,0.73
2023-07-19,34.11,33.71,34.16,33.33,12877,43234502.00,2.44,-0.79,-0.27,0.66
2023-07-21,33.94,35.06,35.80,33.83,30213,105642567.00,5.76,2.51,0.86,1.54
2023-07-25,38.48,39.65,39.68,38.48,23682,92819575.60,3.27,8.07,2.96,1.21
